DN,DIST,PLAY TYPE,RESULT,GN/LS,ODK,YARD LN,HASH,SERIES,OFF STR,OFF FORM,OFF PLAY,PLAY DIR,GAP,DEF STR,DEF FRONT,BLITZ,COVERAGE,KICK YARDS,RET YARDS,PENALTY,2 MIN,TEAM,OPP TEAM,PLAY #,QTR,PASS ZONE,PERSONNEL,MOTION,MOTION DIR,PASSER_Jersey,PASSER_Name,RECEIVER_Jersey,RECEIVER_Name,TACKLER1_Jersey,TACKLER1_Name,TACKLER2_Jersey,TACKLER2_Name,RUSHER_Jersey,RUSHER_Name,KEY PLAYER_Jersey,KEY PLAYER_Name,BACKFIELD,EFF,RETURNER_Jersey,RETURNER_Name,KICKER_Jersey,KICKER_Name,RECOVERED BY_Jersey,RECOVERED BY_Name,INTERCEPTED BY_Jersey,INTERCEPTED BY_Name,OPP RUSHER,OPP PASSER,OPP RECEIVER,OPP TACKLER1,OPP TACKLER2,OPP RETURNER,OPP KICKER,OPP RECOVERED BY,OPP INTERCEPTED BY,PROTECTION,TAG,NOTE,COMMENT,STR CALL,WK CALL,DRILL,STUNT,BALL CARRIER,STR ROUTES,WK ROUTES,TE/SE,ST/WK,OPTION,SCORE,16,FIELD / BOUNDARY,Y/N,DUG BACKFIELD,DUG FORMATION,TOO/AWAY,NEAR/FAR,RUN/PASS,FORMATION STRENGTH,FSL,SHIFT,RUN STRENGTH,PASS ROUTE,PASS CHART,PASS RESULT,SCRAMBLE,TRICK,TITLE,ROUTE,PEN YARDS,POSITIVE,CRITICISM,OFFENSIVE FORMATIONS
,,KO Rec,Penalty,,K,-25,L,,,,,,,,,,,,,,,,,1,1,,,,,,,,,,,,,,,,,,,,,,,,,,,,,,,,,,,,,,,,,,,,,,,,,,,,,,,,,,,,,,,,,,,,,,,,,
,,KO Rec,Return,,K,-20,L,,,,,,,,,,,,,,,,,2,1,,,,,,,,,,,,,,,,,,,,,,,,,,,,,,,,,,,,,,,,,,,,,,,,,,,,,,,,,,,,,,,,,,,,,,,,,
1,10,Run,Fumble,-6,O,-46,R,1,BAL,IOWA BLACK,,R,,,,,,,,,,,,3,1,,,,,,,,,,,,,9,Lukas Alexander,,,,N,,,,,,,,,,,,,,,,,,,,,,,,,,,,,,,,,,,,,,,,,,,,,,,,,,,,,,,
1,10,Run,Rush,4,D,40,L,1,R,Twins Split,,R,,,,,,,,,,,,4,1,,,,,,,,,,,,,,,,,,N,,,,,,,,,2,,,,,,,,,,,,,,,,,,,,,,,,,,,,,,,,,,,,,,,,,,,,,,
2,6,Run,Rush,3,D,36,L,1,R,Wyoming brown,,R,,,,,,,,,,,,5,1,,,,,,,,,,,,,,,,,,N,,,,,,,,,2,,,,,,,,,,,,,,,,,,,,,,,,,,,,,,,,,,,,,,,,,,,,,,
3,3,Pass,"Complete, TD",33,D,33,R,1,,,,R,,,,,,,,,,,,6,1,,,,,,,,,,,,,,,,,,N,,,,,,,,,,10,1,,,,,,,,,,,,,,,,,,,,,,,,,,,,,,,,,,,,,,,,,,,,
,,Extra Pt. Block,Good,,K,3,M,1,,,,,,,,,,,,,,,,7,1,,,,,,,,,,,,,,,,,,,,,,,,,,,,,,,,,,,,,,,,,,,,,,,,,,,,,,,,,,,,,,,,,,,,,,,,,
,,KO Rec,Return,,K,-40,L,,,,,,,,,,,,,,,,,8,1,,,,,,,,,,,,,,,,,,,,,,,,,,,,,,,,,,,,,,,,,,,,,,,,,,,,,,,,,,,,,,,,,,,,,,,,,
1,10,Run,Rush,5,O,-28,M,2,R,WISCONSIN RED,,R,,,,,,,,,,,,9,1,,,,,,,,,,,,,20,Aiden O'Neal,,,,Y,,,,,,,,,,,,,,,,,,,,,,,,,,,,,,,,,,,,,,,,,,,,,,,,,,,,,,,
2,5,,Penalty,5,O,-33,M,2,R,WISCONSIN RED,,,,,,,,,,,,,,10,1,,,,,,,,,,,,,,,,,,Y,,,,,,,,,,,,,,,,,,,,,,,,,,,,,,,,,,,,,,,,,,,,,,,,,,,,,,,
1,10,Run,Rush,5,O,-38,M,2,R,WISCONSIN RED,,L,,,,,,,,,,,,11,1,,,,,,,,,,,,,20,Aiden O'Neal,,,,Y,,,,,,,,,,,,,,,,,,,,,,,,,,,,,,,,,,,,,,,,,,,,,,,,,,,,,,,
2,5,Run,Rush,2,O,-43,L,2,R,WISCONSIN RED,,R,,,,,,,,,,,,12,1,,,,,,,,,,,,,20,Aiden O'Neal,,,,N,,,,,,,,,,,,,,,,,,,,,,,,,,,,,,,,,,,,,,,,,,,,,,,,,,,,,,,
3,3,Run,Rush,3,O,-45,M,2,R,WISCONSIN RED,,R,,,,,,,,,,,,13,1,,,,R,,,,,,,,,1,Trumar Salette,,,,Y,,,,,,,,,,,,,,,,,,,,,,,,,,,,,,,,,,,,,,,,,,,,,,,,,,,,,,,
1,10,,Penalty,-5,O,-48,R,2,R,WISCONSIN RED,,,,,,,,,,,,,,14,1,,,,,,,,,,,,,,,,,,N,,,,,,,,,,,,,,,,,,,,,,,,,,,,,,,,,,,,,,,,,,,,,,,,,,,,,,,
1,15,Pass,Complete,16,O,-43,R,2,R,WISCONSIN RED,,R,,,,,,,,,,,,15,1,,,,,8,Jayvyn Gilchrist,6,Nikkales Allison,,,,,,,,,,Y,,,,,,,,,,,,,,,,,,,,,,,,,,,,,,,,,,,,,,,,,,,,,,,,,,,,,,,
1,10,Run,Rush,3,O,41,R,2,,,,L,,,,,,,,,,,,16,1,,,,,,,,,,,,,20,Aiden O'Neal,,,,N,,,,,,,,,,,,,,,,,,,,,,,,,,,,,,,,,,,,,,,,,,,,,,,,,,,,,,,
2,7,Run,Rush,1,O,38,R,2,R,WISCONSIN RED,,R,,,,,,,,,,,,17,1,,,,,,,,,,,,,32,Jayce williams,,,,N,,,,,,,,,,,,,,,,,,,,,,,,,,,,,,,,,,,,,,,,,,,,,,,,,,,,,,,
3,6,Pass,Incomplete,0,O,37,R,2,BAL,IOWA BLACK,,R,,,,,,,,,,,,18,1,,,,,8,Jayvyn Gilchrist,1,Trumar Salette,,,,,,,,,,N,,,,,,,,,,,,,,,,,,,,,,,,,,,,,,,,,,,,,,,,,,,,,,,,,,,,,,,
4,6,Pass,Complete,23,O,37,R,2,L,FLA. BLUE,,R,,,,,,,,,,,,19,1,,,,,8,Jayvyn Gilchrist,5,Bryce Rucker,,,,,,,,,,Y,,,,,,,,,,,,,,,,,,,,,,,,,,,,,,,,,,,,,,,,,,,,,,,,,,,,,,,
1,10,Run,Rush,7,O,14,R,2,L,WISCONSIN RED,,L,,,,,,,,,,,,20,1,,,,,,,,,,,,,20,Aiden O'Neal,,,,Y,,,,,,,,,,,,,,,,,,,,,,,,,,,,,,,,,,,,,,,,,,,,,,,,,,,,,,,
2,3,Run,Rush,3,O,7,M,2,R,WISCONSIN RED,,L,,,,,,,,,,,,21,1,,,,,,,,,,,,,8,Jayvyn Gilchrist,,,,Y,,,,,,,,,,,,,,,,,,,,,,,,,,,,,,,,,,,,,,,,,,,,,,,,,,,,,,,
1,4,Run,Rush,3,O,4,L,2,BAL,IOWA BLACK,,R,,,,,,,,,,,,22,1,,,,,,,,,,,,,20,Aiden O'Neal,,,,Y,,,,,,,,,,,,,,,,,,,,,,,,,,,,,,,,,,,,,,,,,,,,,,,,,,,,,,,
2,1,Run,Fumble,-4,O,1,L,2,R,WISCONSIN RED,,R,,,,,,,,,,,,23,1,,,,,,,,,,,,,8,Jayvyn Gilchrist,,,,N,,,,,,,,,,,,,,,,,,,,,,,,,,,,,,,,,,,,,,,,,,,,,,,,,,,,,,,
1,10,Pass,Incomplete,0,D,-5,M,2,L,Twins Split,,R,,,,,,,,,,,,24,1,,,,,,,,,,,,,,,,,,Y,,,,,,,,,,10,,,,,,,,,,,,,,,,,,,,,,,,,,,,,,,,,,,,,,,,,,,,,
2,10,Run,Rush,10,D,-5,M,2,R,Twins Split,,R,,,,,,,,,,,,25,1,,,,,,,,,,,,,,,,,,N,,,,,,,,,24,,,,,,,,,,,,,,,,,,,,,,,,,,,,,,,,,,,,,,,,,,,,,,
1,10,Run,Penalty,10,D,-15,R,2,L,FLA. BLUE,,L,,,,,,,,,,,,26,1,,,,R,,,,,,,,,,,,,,N,,,,,,,,,10,,,,,,,,,,,,,,,,,,,,,,,,,,,,,,,,,,,,,,,,,,,,,,
1,10,Pass,Incomplete,0,D,-25,R,2,L,FLA. BLUE,,R,,,,,,,,,,,,27,1,,,,L,,,,,,,,,,,,,,Y,,,,,,,,,,10,1,,,,,,,,,,,,,,,,,,,,,,,,,,,,,,,,,,,,,,,,,,,,
2,10,Run,Rush,0,D,-25,R,2,L,Wyoming brown,,L,,,,,,,,,,,,28,1,,,,,,,,,,,,,,,,,,Y,,,,,,,,,7,,,,,,,,,,,,,,,,,,,,,,,,,,,,,,,,,,,,,,,,,,,,,,
3,10,,Timeout,0,D,-25,L,2,,,,,,,,,,,,,,,,29,1,,,,,,,,,,,,,,,,,,Y,,,,,,,,,,,,,,,,,,,,,,,,,,,,,,,,,,,,,,,,,,,,,,,,,,,,,,,
,,,,,S,,,,BAL,IOWA BLACK,,,,,,,,,,,,,,30,1,,,,,,,,,,,,,,,,,,,,,,,,,,,,,,,,,,,,,,,,,,,,,,,,,,,,,,,,,,,,,,,,,,,,,,,,,
3,10,Pass,Incomplete,0,D,-25,L,2,R,FLA. BLUE,,R,,,,,,,,,,,,31,1,,,,L,,,,,,,,,,,,,,Y,,,,,,,,,,10,,,,,,,,,,,,,,,,,,,,,,,,,,,,,,,,,,,,,,,,,,,,,
4,10,Punt Rec,Fair Catch,,K,-25,L,2,L,,,,,,,,,,,,,,,32,1,,,,,,,,,,,,,,,,,,,,,,,,,,,,,,,,,,,,,,,,,,,,,,,,,,,,,,,,,,,,,,,,,,,,,,,,,
1,10,Run,Rush,2,O,50,R,3,R,WISCONSIN RED,,R,,,,,,,,,,,,33,1,,,,,,,,,,,,,20,Aiden O'Neal,,,,N,,,,,,,,,,,,,,,,,,,,,,,,,,,,,,,,,,,,,,,,,,,,,,,,,,,,,,,
2,8,Run,Rush,2,O,48,R,3,L,WISCONSIN RED,,R,,,,,,,,,,,,34,1,,,,,,,,,,,,,20,Aiden O'Neal,,,,N,,,,,,,,,,,,,,,,,,,,,,,,,,,,,,,,,,,,,,,,,,,,,,,,,,,,,,,
3,6,Pass,Interception,0,O,46,R,3,BAL,IOWA BLACK,,L,,,,,,,,,,,,35,1,,,,,8,Jayvyn Gilchrist,,,,,,,,,,,,N,,,,,,,,,,,,,,,,,,,,,,,,,,,,,,,,,,,,,,,,,,,,,,,,,,,,,,,
1,10,Pass,Complete,3,D,-37,L,3,L,FLA. BLUE,,R,,,,,,,,,,,,36,1,,,,,,,,,,,,,,,,,,Y,,,,,,,,,,10,16,,,,,,,,,,,,,,,,,,,,,,,,,,,,,,,,,,,,,,,,,,,,
2,3,Pass,Complete,20,D,-40,L,3,L,FLA. BLUE,,R,,,,,,,,,,,,37,1,,,,,,,,,,,,,,,,,,N,,,,,,,,,,10,9,,,,,,,,,,,,,,,,,,,,,,,,,,,,,,,,,,,,,,,,,,,,
1,10,Run,Penalty,-8,D,40,R,3,L,Twins Split,,R,,,,,,,,,,,,38,1,,,,,,,,,,,,,,,,,,Y,,,,,,,,,24,,,,,,,,,,,,,,,,,,,,,,,,,,,,,,,,,,,,,,,,,,,,,,
1,18,,Timeout,0,D,48,R,3,R,WISCONSIN RED,,,,,,,,,,,,,,39,2,,,,,,,,,,,,,,,,,,Y,,,,,,,,,,,,,,,,,,,,,,,,,,,,,,,,,,,,,,,,,,,,,,,,,,,,,,,
1,18,Run,Rush,-5,D,48,R,3,L,WISCONSIN RED,,L,,,,,,,,,,,,40,2,,,,L,,,,,,,,,,,,,,Y,,,,,,,,,1,,,,,,,,,,,,,,,,,,,,,,,,,,,,,,,,,,,,,,,,,,,,,,
2,23,Pass,Complete,12,D,-47,M,3,BAL,IOWA BLACK,,R,,,,,,,,,,,,41,2,,,,,,,,,,,,,,,,,,N,,,,,,,,,,10,16,,,,,,,,,,,,,,,,,,,,,,,,,,,,,,,,,,,,,,,,,,,,
3,11,,Penalty,-5,D,41,R,3,,,,,,,,,,,,,,,,42,2,,,,,,,,,,,,,,,,,,Y,,,,,,,,,,,,,,,,,,,,,,,,,,,,,,,,,,,,,,,,,,,,,,,,,,,,,,,
3,16,Pass,Complete,0,D,46,R,3,L,,,L,,,,,,,,,,,,43,2,,,,L,,,,,,,,,,,,,,Y,,,,,,,,,,10,5,,,,,,,,,,,,,,,,,,,,,,,,,,,,,,,,,,,,,,,,,,,,
4,16,Run,"Rush, TD",46,D,46,L,3,BAL,DBL TE,,R,,,,,,,,,,,,44,2,,,,,,,,,,,,,,,,,,N,,,,,,,,,1,,,,,,,,,,,,,,,,,,,,,,,,,,,,,,,,,,,,,,,,,,,,,,
,,Extra Pt. Block,No Good,,K,3,M,3,,,,,,,,,,,,,,,,45,2,,,,,,,,,,,,,,,,,,,,,,,,,,,,,,,,,,,,,,,,,,,,,,,,,,,,,,,,,,,,,,,,,,,,,,,,,
,,KO Rec,Return,,K,-40,M,,,,,,,,,,,,,,,,,46,2,,,,,,,,,,,,,,,,,,,,,,,,,,,,,,,,,,,,,,,,,,,,,,,,,,,,,,,,,,,,,,,,,,,,,,,,,
1,10,Run,Rush,2,O,-36,R,4,L,Wyoming brown,,L,,,,,,,,,,,,47,2,,,,,,,,,,,,,20,Aiden O'Neal,,,,N,,,,,,,,,,,,,,,,,,,,,,,,,,,,,,,,,,,,,,,,,,,,,,,,,,,,,,,
2,8,Run,Rush,5,O,-38,M,4,L,Wyoming brown,,R,,,,,,,,,,,,48,2,,,,,,,,,,,,,20,Aiden O'Neal,,,,Y,,,,,,,,,,,,,,,,,,,,,,,,,,,,,,,,,,,,,,,,,,,,,,,,,,,,,,,
3,3,Run,Rush,4,O,-43,M,4,L,Wyoming brown,,R,,,,,,,,,,,,49,2,,,,,,,,,,,,,8,Jayvyn Gilchrist,,,,Y,,,,,,,,,,,,,,,,,,,,,,,,,,,,,,,,,,,,,,,,,,,,,,,,,,,,,,,
1,10,Run,Rush,10,O,-47,R,4,L,Wyoming brown,,L,,,,,,,,,,,,50,2,,,,,,,,,,,,,20,Aiden O'Neal,,,,Y,,,,,,,,,,,,,,,,,,,,,,,,,,,,,,,,,,,,,,,,,,,,,,,,,,,,,,,
1,10,Run,Rush,0,O,43,L,4,L,Wyoming brown,,L,,,,,,,,,,,,51,2,,,,,,,,,,,,,8,Jayvyn Gilchrist,,,,N,,,,,,,,,,,,,,,,,,,,,,,,,,,,,,,,,,,,,,,,,,,,,,,,,,,,,,,
2,10,Run,Rush,16,O,43,L,4,L,WISCONSIN RED,,L,,,,,,,,,,,,52,2,,,,L,,,,,,,,,,,,,,Y,,,,,,,,,,,,,,,,,,,,,,,,,,,,,,,,,,,,,,,,,,,,,,,,,,,,,,,
1,10,Run,Rush,5,O,27,L,4,R,WISCONSIN RED,,R,,,,,,,,,,,,53,2,,,,,,,,,,,,,32,Jayce williams,,,,Y,,,,,,,,,,,,,,,,,,,,,,,,,,,,,,,,,,,,,,,,,,,,,,,,,,,,,,,
2,5,Run,Rush,-2,O,22,L,4,R,WISCONSIN RED,,R,,,,,,,,,,,,54,2,,,,,,,,,,,,,32,Jayce williams,,,,N,,,,,,,,,,,,,,,,,,,,,,,,,,,,,,,,,,,,,,,,,,,,,,,,,,,,,,,
3,7,Pass,Incomplete,0,O,24,M,4,L,WISCONSIN RED,,L,,,,,,,,,,,,55,2,,,,,8,Jayvyn Gilchrist,,,,,,,,,,,,N,,,,,,,,,,,,,,,,,,,,,,,,,,,,,,,,,,,,,,,,,,,,,,,,,,,,,,,
4,7,,Timeout,0,O,24,M,4,R,FLA. BLUE,,,,,,,,,,,,,,56,2,,,,,,,,,,,,,,,,,,N,,,,,,,,,,,,,,,,,,,,,,,,,,,,,,,,,,,,,,,,,,,,,,,,,,,,,,,
4,7,Pass,Sack,2,O,24,M,4,L,FLA. BLUE,,L,,,,,,,,,,,,57,2,,,,,8,Jayvyn Gilchrist,,,,,,,,,,,,N,,,,,,,,,,,,,,,,,,,,,,,,,,,,,,,,,,,,,,,,,,,,,,,,,,,,,,,
1,10,,Penalty,-5,D,-32,M,4,R,WISCONSIN RED,,,,,,,,,,,,,,58,2,,,,,,,,,,,,,,,,,,Y,,,,,,,,,,,,,,,,,,,,,,,,,,,,,,,,,,,,,,,,,,,,,,,,,,,,,,,
1,15,Run,Rush,-4,D,-27,M,4,R,WISCONSIN RED,,R,,,,,,,,,,,,59,2,,,,,,,,,,,,,,,,,,Y,,,,,,,,,24,,,,,,,,,,,,,,,,,,,,,,,,,,,,,,,,,,,,,,,,,,,,,,
2,19,Run,Rush,0,D,-23,M,4,R,WISCONSIN RED,,R,,,,,,,,,,,,60,2,,,,,,,,,,,,,,,,,,Y,,,,,,,,,24,,,,,,,,,,,,,,,,,,,,,,,,,,,,,,,,,,,,,,,,,,,,,,
,,,,,S,,,,,,,,,,,,,,,,,,,61,2,,,,,,,,,,,,,,,,,,,,,,,,,,,,,,,,,,,,,,,,,,,,,,,,,,,,,,,,,,,,,,,,,,,,,,,,,
3,19,Run,Penalty,-10,D,-23,R,4,L,Twins Split,,L,,,,,,,,,,,,62,2,,,,,,,,,,,,,,,,,,Y,,,,,,,,,24,,,,,,,,,,,,,,,,,,,,,,,,,,,,,,,,,,,,,,,,,,,,,,
3,29,Pass,Incomplete,0,D,-13,M,4,BAL,IOWA BLACK,,L,,,,,,,,,,,,63,2,,,,,,,,,,,,,,,,,,Y,,,,,,,,,,10,,,,,,,,,,,,,,,,,,,,,,,,,,,,,,,,,,,,,,,,,,,,,
4,29,Punt Rec,Penalty,,K,-13,M,4,,,,,,,,,,,,,,,,64,2,,,,,,,,,,,,,,,,,,,,,,,,,,,,,,,,,,,,,,,,,,,,,,,,,,,,,,,,,,,,,,,,,,,,,,,,,
4,,KO,Return,,K,8,M,,,,,,,,,,,,,,,,,65,2,,,,,,,,,,,,,,,,,,,,,,,,,,,,,,,,,,,,,,,,,,,,,,,,,,,,,,,,,,,,,,,,,,,,,,,,,
1,10,Run,Penalty,10,O,35,L,5,R,Wyoming brown,,R,,,,,,,,,,,,66,2,,,,,,,,,,,,,8,Jayvyn Gilchrist,,,,Y,,,,,,,,,,,,,,,,,,,,,,,,,,,,,,,,,,,,,,,,,,,,,,,,,,,,,,,
1,10,Pass,Incomplete,0,O,25,L,5,R,FLA. BLUE,,L,,,,,,,,,,,,67,2,,,,,8,Jayvyn Gilchrist,,,,,,,,,,,,N,,,,,,,,,,,,,,,,,,,,,,,,,,,,,,,,,,,,,,,,,,,,,,,,,,,,,,,
2,10,Run,Rush,2,O,25,L,5,R,Twins Split,,R,,,,,,,,,,,,68,2,,,,,,,,,,,,,20,Aiden O'Neal,,,,N,,,,,,,,,,,,,,,,,,,,,,,,,,,,,,,,,,,,,,,,,,,,,,,,,,,,,,,
3,8,Pass,Scramble,3,O,23,R,5,R,WISCONSIN RED,,R,,,,,,,,,,,,69,2,,,,,8,Jayvyn Gilchrist,,,,,,,,,,,,N,,,,,,,,,,,,,,,,,,,,,,,,,,,,,,,,,,,,,,,,,,,,,,,,,,,,,,,
4,5,Run,Rush,-1,O,20,R,5,R,WISCONSIN RED,,R,,,,,,,,,,,,70,2,,,,,,,,,,,,,8,Jayvyn Gilchrist,,,,N,,,,,,,,,,,,,,,,,,,,,,,,,,,,,,,,,,,,,,,,,,,,,,,,,,,,,,,
1,10,Run,Rush,1,D,-21,L,5,R,Twins Split,,L,,,,,,,,,,,,71,2,,,,,,,,,,,,,,,,,,Y,,,,,,,,,2,,,,,,,,,,,,,,,,,,,,,,,,,,,,,,,,,,,,,,,,,,,,,,
2,9,Run,Rush,3,D,-22,L,5,R,Twins Split,,L,,,,,,,,,,,,72,2,,,,,,,,,,,,,,,,,,Y,,,,,,,,,2,,,,,,,,,,,,,,,,,,,,,,,,,,,,,,,,,,,,,,,,,,,,,,
3,6,Pass,Complete,15,D,-25,L,5,R,TEXAS BROWN,,R,,,,,,,,,,,,73,2,,,,,,,,,,,,,,,,,,N,,,,,,,,,,10,9,,,,,,,,,,,,,,,,,,,,,,,,,,,,,,,,,,,,,,,,,,,,
1,10,,Timeout,0,D,-40,M,5,BAL,IOWA BLACK,,,,,,,,,,,,,,74,2,,,,,,,,,,,,,,,,,,Y,,,,,,,,,,,,,,,,,,,,,,,,,,,,,,,,,,,,,,,,,,,,,,,,,,,,,,,
1,10,Pass,Incomplete,0,D,-40,M,5,L,FLA. BLUE,,L,,,,,,,,,,,,75,2,,,,,,,,,,,,,,,,,,Y,,,,,,,,,,10,,,,,,,,,,,,,,,,,,,,,,,,,,,,,,,,,,,,,,,,,,,,,
2,10,Pass,Incomplete,0,D,-40,M,5,R,FLA. BLUE,,R,,,,,,,,,,,,76,2,,,,,,,,,,,,,,,,,,Y,,,,,,,,,,10,,,,,,,,,,,,,,,,,,,,,,,,,,,,,,,,,,,,,,,,,,,,,
3,10,Run,Rush,3,D,-40,M,5,R,WISCONSIN RED,,L,,,,,,,,,,,,77,2,,,,,,,,,,,,,,,,,,Y,,,,,,,,,2,,,,,,,,,,,,,,,,,,,,,,,,,,,,,,,,,,,,,,,,,,,,,,
4,7,,Penalty,-5,D,-43,M,5,BAL,DBL TE,,,,,,,,,,,,,,78,2,,,,,,,,,,,,,,,,,,Y,,,,,,,,,,,,,,,,,,,,,,,,,,,,,,,,,,,,,,,,,,,,,,,,,,,,,,,
4,10,Punt Rec,Downed,,K,-38,M,5,BAL,DBL TE,,,,,,,,,,,,,,79,2,,,,,,,,,,,,,,,,,,,,,,,,,,,,,,,,,,,,,,,,,,,,,,,,,,,,,,,,,,,,,,,,,,,,,,,,,
,,KO,Return,,K,-40,M,,,,,,,,,,,,,,,,,80,3,,,,,,,,,,,,,,,,,,,,,,,,,,,,,,,,,,,,,,,,,,,,,,,,,,,,,,,,,,,,,,,,,,,,,,,,,
1,10,Run,Rush,22,D,-16,L,5,R,Twins Split,,L,,,,,,,,,,,,81,3,,,,,,,,,,,,,,,,,,N,,,,,,,,,2,,,,,,,,,,,,,,,,,,,,,,,,,,,,,,,,,,,,,,,,,,,,,,
1,10,Run,Rush,1,D,-38,L,5,R,Twins Split,,L,,,,,,,,,,,,82,3,,,,,,,,,,,,,,,,,,Y,,,,,,,,,24,,,,,,,,,,,,,,,,,,,,,,,,,,,,,,,,,,,,,,,,,,,,,,
2,9,Run,Rush,12,D,-39,L,5,R,Wyoming brown,,R,,,,,,,,,,,,83,3,,,,,,,,,,,,,,,,,,N,,,,,,,,,7,,,,,,,,,,,,,,,,,,,,,,,,,,,,,,,,,,,,,,,,,,,,,,
1,10,Run,Rush,0,D,49,M,5,R,Wyoming brown,,L,,,,,,,,,,,,84,3,,,,,,,,,,,,,,,,,,Y,,,,,,,,,7,,,,,,,,,,,,,,,,,,,,,,,,,,,,,,,,,,,,,,,,,,,,,,
2,10,Run,Fumble,11,D,49,L,5,R,Wyoming brown,,R,,,,,,,,,,,,85,3,,,,,,,,,,,,,,,,,,Y,,,,,,,,,24,,,,,,,,,,,,,,,,,,,,,,,,,,,,,,,,,,,,,,,,,,,,,,
1,10,Pass,Incomplete,0,O,-38,R,7,R,WISCONSIN RED,,R,,,,,,,,,,,,86,3,,,,,8,Jayvyn Gilchrist,6,Nikkales Allison,,,,,,,,,,N,,,,,,,,,,,,,,,,,,,,,,,,,,,,,,,,,,,,,,,,,,,,,,,,,,,,,,,
2,10,Run,Rush,7,O,-38,R,7,L,Twins Split,,R,,,,,,,,,,,,87,3,,,,,,,,,,,,,8,Jayvyn Gilchrist,,,,Y,,,,,,,,,,,,,,,,,,,,,,,,,,,,,,,,,,,,,,,,,,,,,,,,,,,,,,,
3,3,Run,Rush,5,O,-45,R,7,L,Wyoming brown,,L,,,,,,,,,,,,88,3,,,,,,,,,,,,,20,Aiden O'Neal,,,,Y,,,,,,,,,,,,,,,,,,,,,,,,,,,,,,,,,,,,,,,,,,,,,,,,,,,,,,,
1,10,Pass,Interception,,O,50,M,7,L,Wyoming brown,,L,,,,,,,,,,,,89,3,,,,,8,Jayvyn Gilchrist,,,,,,,,,,,,N,,,,,,,,,,,,,,,,,,,,,,,,,,,,,,,,,,,,,,,,,,,,,,,,,,,,,,,
1,10,Run,Rush,4,D,-46,R,6,L,Twins Split,,L,,,,,,,,,,,,90,3,,,,,,,,,,,,,,,,,,N,,,,,,,,,24,,,,,,,,,,,,,,,,,,,,,,,,,,,,,,,,,,,,,,,,,,,,,,
2,6,Run,Rush,2,D,50,M,6,R,WISCONSIN RED,,R,,,,,,,,,,,,91,3,,,,,,,,,,,,,,,,,,Y,,,,,,,,,7,,,,,,,,,,,,,,,,,,,,,,,,,,,,,,,,,,,,,,,,,,,,,,
3,4,Run,Rush,-1,D,48,M,6,L,Wyoming brown,,R,,,,,,,,,,,,92,3,,,,,,,,,,,,,,,,,,Y,,,,,,,,,55,,,,,,,,,,,,,,,,,,,,,,,,,,,,,,,,,,,,,,,,,,,,,,
4,5,,Timeout,0,D,49,M,6,,,,,,,,,,,,,,,,93,3,,,,,,,,,,,,,,,,,,Y,,,,,,,,,,,,,,,,,,,,,,,,,,,,,,,,,,,,,,,,,,,,,,,,,,,,,,,
4,5,Punt Rec,Return,,K,49,M,6,,,,,,,,,,,,,,,,94,3,,,,,,,,,,,,,,,,,,,,,,,,,,,,,,,,,,,,,,,,,,,,,,,,,,,,,,,,,,,,,,,,,,,,,,,,,
1,10,Run,Rush,3,O,-17,R,8,R,WISCONSIN RED,,R,,,,,,,,,,,,95,3,,,,,,,,,,,,,8,Jayvyn Gilchrist,,,,N,,,,,,,,,,,,,,,,,,,,,,,,,,,,,,,,,,,,,,,,,,,,,,,,,,,,,,,
2,7,Run,Rush,7,O,-20,R,8,L,Wyoming brown,,L,,,,,,,,,,,,96,3,,,,,,,,,,,,,20,Aiden O'Neal,,,,Y,,,,,,,,,,,,,,,,,,,,,,,,,,,,,,,,,,,,,,,,,,,,,,,,,,,,,,,
1,10,Run,Rush,0,O,-27,M,8,L,Wyoming brown,,L,,,,,,,,,,,,97,3,,,,,,,,,,,,,32,Jayce williams,,,,N,,,,,,,,,,,,,,,,,,,,,,,,,,,,,,,,,,,,,,,,,,,,,,,,,,,,,,,
2,10,,Penalty,5,O,-27,L,8,,,,,,,,,,,,,,,,98,3,,,,,,,,,,,,,,,,,,Y,,,,,,,,,,,,,,,,,,,,,,,,,,,,,,,,,,,,,,,,,,,,,,,,,,,,,,,
2,5,Run,Rush,13,O,-32,L,8,L,Wyoming brown,,R,,,,,,,,,,,,99,3,,,,,,,,,,,,,20,Aiden O'Neal,,,,Y,,,,,,,,,,,,,,,,,,,,,,,,,,,,,,,,,,,,,,,,,,,,,,,,,,,,,,,
1,10,Run,Rush,-3,O,-45,M,8,L,Wyoming brown,,R,,,,,,,,,,,,100,3,,,,,,,,,,,,,20,Aiden O'Neal,,,,N,,,,,,,,,,,,,,,,,,,,,,,,,,,,,,,,,,,,,,,,,,,,,,,,,,,,,,,
2,13,,Timeout,0,O,-42,M,8,,,,,,,,,,,,,,,,101,3,,,,,,,,,,,,,,,,,,N,,,,,,,,,,,,,,,,,,,,,,,,,,,,,,,,,,,,,,,,,,,,,,,,,,,,,,,
2,13,Run,Rush,31,O,-42,M,8,L,,,L,,,,,,,,,,,,102,3,,,,,,,,,,,,,8,Jayvyn Gilchrist,,,,Y,,,,,,,,,,,,,,,,,,,,,,,,,,,,,,,,,,,,,,,,,,,,,,,,,,,,,,,
1,10,,Penalty,5,O,27,L,8,,,,,,,,,,,,,,,,103,3,,,,,,,,,,,,,,,,,,Y,,,,,,,,,,,,,,,,,,,,,,,,,,,,,,,,,,,,,,,,,,,,,,,,,,,,,,,
1,5,Run,Rush,4,O,22,L,8,L,Wyoming brown,,L,,,,,,,,,,,,104,3,,,,,,,,,,,,,20,Aiden O'Neal,,,,Y,,,,,,,,,,,,,,,,,,,,,,,,,,,,,,,,,,,,,,,,,,,,,,,,,,,,,,,
2,1,Pass,Incomplete,0,O,18,L,8,L,Wyoming brown,,R,,,,,,,,,,,,105,3,,,,,8,Jayvyn Gilchrist,6,Nikkales Allison,,,,,,,,,,N,,,,,,,,,,,,,,,,,,,,,,,,,,,,,,,,,,,,,,,,,,,,,,,,,,,,,,,
3,1,Run,Rush,11,O,18,L,8,L,Wyoming brown,,L,,,,,,,,,,,,106,3,,,,,,,,,,,,,32,Jayce williams,,,,Y,,,,,,,,,,,,,,,,,,,,,,,,,,,,,,,,,,,,,,,,,,,,,,,,,,,,,,,
1,7,Run,Rush,-4,O,7,L,8,L,Wyoming brown,,L,,,,,,,,,,,,107,3,,,,,,,,,,,,,,,,,,N,,,,,,,,,,,,,,,,,,,,,,,,,,,,,,,,,,,,,,,,,,,,,,,,,,,,,,,
2,11,Pass,Scramble,7,O,11,M,8,R,Twins Split,,R,,,,,,,,,,,,108,3,,,,,8,Jayvyn Gilchrist,,,,,,,,,,,,Y,,,,,,,,,,,,,,,,,,,,,,,,,,,,,,,,,,,,,,,,,,,,,,,,,,,,,,,
3,4,Run,Rush,3,O,4,R,8,L,Wyoming brown,,L,,,,,,,,,,,,109,3,,,,,,,,,,,,,20,Aiden O'Neal,,,,N,,,,,,,,,,,,,,,,,,,,,,,,,,,,,,,,,,,,,,,,,,,,,,,,,,,,,,,
4,1,Run,"Rush, TD",1,O,1,M,8,BAL,IOWA BLACK,,R,,,,,,,,,,,,110,3,,,,,,,,,,,,,20,Aiden O'Neal,,,,Y,,,,,,,,,,,,,,,,,,,,,,,,,,,,,,,,,,,,,,,,,,,,,,,,,,,,,,,
,,Extra Pt.,No Good,,K,3,M,8,,,,,,,,,,,,,,,,111,3,,,,,,,,,,,,,,,,,,,,,,,,,,,,,,,,,,,,,,,,,,,,,,,,,,,,,,,,,,,,,,,,,,,,,,,,,
,,KO,Return,,K,-40,M,,R,TEXAS BROWN,,,,,,,,,,,,,,112,3,,,,,,,,,,,,,,,,,,,,,,,,,,,,,,,,,,,,,,,,,,,,,,,,,,,,,,,,,,,,,,,,,,,,,,,,,
2,10,Run,Rush,3,D,-42,L,7,R,Twins Split,,L,,,,,,,,,,,,113,3,,,,,,,,,,,,,,,,,,Y,,,,,,,,,,,,,,,,,,,,,,,,,,,,,,,,,,,,,,,,,,,,,,,,,,,,,,,
3,7,Run,Rush,1,D,-45,L,7,R,Twins Split,,L,,,,,,,,,,,,114,3,,,,,,,,,,,,,,,,,,Y,,,,,,,,,,,,,,,,,,,,,,,,,,,,,,,,,,,,,,,,,,,,,,,,,,,,,,,
4,6,Punt Rec,Downed,,K,-46,L,7,,,,,,,,,,,,,,,,115,4,,,,,,,,,,,,,,,,,,,,,,,,,,,,,,,,,,,,,,,,,,,,,,,,,,,,,,,,,,,,,,,,,,,,,,,,,
1,10,Run,Rush,6,O,-20,R,9,L,WISCONSIN RED,,R,,,,,,,,,,,,116,4,,,,L,,,,,,,,,,,,,,Y,,,,,,,,,,,,,,,,,,,,,,,,,,,,,,,,,,,,,,,,,,,,,,,,,,,,,,,
2,4,Run,Rush,3,O,-26,R,9,L,Wyoming brown,,L,,,,,,,,,,,,117,4,,,,,,,,,,,,,25,Lawrence Moore II,,,,Y,,,,,,,,,,,,,,,,,,,,,,,,,,,,,,,,,,,,,,,,,,,,,,,,,,,,,,,
3,1,Run,Rush,7,O,-29,M,9,R,Wyoming brown,,R,,,,,,,,,,,,118,4,,,,,,,,,,,,,32,Jayce williams,,,,Y,,,,,,,,,,,,,,,,,,,,,,,,,,,,,,,,,,,,,,,,,,,,,,,,,,,,,,,
1,10,Run,Rush,2,O,-36,R,9,R,Twins Split,,R,,,,,,,,,,,,119,4,,,,L,,,,,,,,,32,Jayce williams,,,,N,,,,,,,,,,,,,,,,,,,,,,,,,,,,,,,,,,,,,,,,,,,,,,,,,,,,,,,
2,8,Run,Rush,-1,O,-38,R,9,R,Twins Split,,R,,,,,,,,,,,,120,4,,,,L,,,,,,,,,32,Jayce williams,,,,N,,,,,,,,,,,,,,,,,,,,,,,,,,,,,,,,,,,,,,,,,,,,,,,,,,,,,,,
3,9,Pass,Incomplete,0,O,-37,R,9,L,FLA. BLUE,,L,,,,,,,,,,,,121,4,,,,,8,Jayvyn Gilchrist,,,,,,,,,,,,N,,,,,,,,,,,,,,,,,,,,,,,,,,,,,,,,,,,,,,,,,,,,,,,,,,,,,,,
4,9,Punt,Return,,K,-37,R,9,,,,,,,,,,,,,,,,122,4,,,,,,,,,,,,,,,,,,,,,,,,,,,,,,,,,,,,,,,,,,,,,,,,,,,,,,,,,,,,,,,,,,,,,,,,,
1,10,Run,Rush,2,D,-38,L,8,R,Twins Split,,R,,,,,,,,,,,,123,4,,,,,,,,,,,,,,,,,,Y,,,,,,,,,,10,,,,,,,,,,,,,,,,,,,,,,,,,,,,,,,,,,,,,,,,,,,,,
2,8,Pass,Complete,-15,D,-40,M,8,R,Wyoming brown,,R,,,,,,,,,,,,124,4,,,,,,,,,,,,,,,,,,Y,,,,,,,,,,10,9,,,,,,,,,,,,,,,,,,,,,,,,,,,,,,,,,,,,,,,,,,,,
2,23,Pass,Complete,13,D,-25,R,8,L,FLA. BLUE,,L,,,,,,,,,,,,125,4,,,,,,,,,,,,,,,,,,N,,,,,,,,,,10,,,,,,,,,,,,,,,,,,,,,,,,,,,,,,,,,,,,,,,,,,,,,
3,10,Pass,Penalty,15,D,-38,M,8,R,FLA. BLUE,,R,,,,,,,,,,,,126,4,,,,,,,,,,,,,,,,,,N,,,,,,,,,,10,,,,,,,,,,,,,,,,,,,,,,,,,,,,,,,,,,,,,,,,,,,,,
1,10,Pass,Penalty,15,D,47,M,8,L,FLA. BLUE,,R,,,,,,,,,,,,127,4,,,,,,,,,,,,,,,,,,N,,,,,,,,,,10,,,,,,,,,,,,,,,,,,,,,,,,,,,,,,,,,,,,,,,,,,,,,
1,10,,Penalty,-5,D,32,R,8,BAL,IOWA BLACK,,,,,,,,,,,,,,128,4,,,,,,,,,,,,,,,,,,Y,,,,,,,,,,,,,,,,,,,,,,,,,,,,,,,,,,,,,,,,,,,,,,,,,,,,,,,
1,15,Run,Rush,9,D,37,R,8,L,Twins Split,,R,,,,,,,,,,,,129,4,,,,,,,,,,,,,,,,,,N,,,,,,,,,,,,,,,,,,,,,,,,,,,,,,,,,,,,,,,,,,,,,,,,,,,,,,,
2,6,Run,Rush,-3,D,28,R,8,L,Twins Split,,R,,,,,,,,,,,,130,4,,,,,,,,,,,,,,,,,,Y,,,,,,,,,,,,,,,,,,,,,,,,,,,,,,,,,,,,,,,,,,,,,,,,,,,,,,,
3,9,Pass,Incomplete,0,D,31,R,8,L,Twins Split,,L,,,,,,,,,,,,131,4,,,,,,,,,,,,,,,,,,Y,,,,,,,,,,10,,,,,,,,,,,,,,,,,,,,,,,,,,,,,,,,,,,,,,,,,,,,,
4,9,Pass,Interception,,D,31,R,8,L,TEXAS BROWN,,L,,,,,,,,,,,,132,4,,,,,,,,,,,,,,,,,,Y,,,,,,,,,,10,,,,,,,,,,,,,,,,,,,,,,,,,,,,,,,,,,,,,,,,,,,,,
1,10,Pass,Penalty,5,O,-24,R,10,L,Wyoming brown,,R,,,,,,,,,,,,133,4,,,,,8,Jayvyn Gilchrist,,,,,,,,,,,,Y,,,,,,,,,,,,,,,,,,,,,,,,,,,,,,,,,,,,,,,,,,,,,,,,,,,,,,,
1,5,Run,Rush,6,O,-29,R,10,L,Twins Split,,L,,,,,,,,,,,,134,4,,,,,,,,,,,,,32,Jayce williams,,,,Y,,,,,,,,,,,,,,,,,,,,,,,,,,,,,,,,,,,,,,,,,,,,,,,,,,,,,,,
1,10,Run,Rush,6,O,-35,R,10,L,Wyoming brown,,L,,,,,,,,,,,,135,4,,,,,,,,,,,,,8,Jayvyn Gilchrist,,,,Y,,,,,,,,,,,,,,,,,,,,,,,,,,,,,,,,,,,,,,,,,,,,,,,,,,,,,,,
2,4,Run,Rush,24,O,-41,M,10,R,Twins Split,,R,,,,,,,,,,,,136,4,,,,,,,,,,,,,20,Aiden O'Neal,,,,Y,,,,,,,,,,,,,,,,,,,,,,,,,,,,,,,,,,,,,,,,,,,,,,,,,,,,,,,
1,10,Run,Rush,4,O,35,R,10,R,Wyoming brown,,R,,,,,,,,,,,,137,4,,,,,,,,,,,,,,,,,,Y,,,,,,,,,,,,,,,,,,,,,,,,,,,,,,,,,,,,,,,,,,,,,,,,,,,,,,,
2,6,,Penalty,5,O,31,R,10,,,,,,,,,,,,,,,,138,4,,,,,,,,,,,,,,,,,,Y,,,,,,,,,,,,,,,,,,,,,,,,,,,,,,,,,,,,,,,,,,,,,,,,,,,,,,,
2,1,Run,Rush,8,O,26,R,10,L,Wyoming brown,,L,,,,,,,,,,,,139,4,,,,,,,,,,,,,,,,,,Y,,,,,,,,,,,,,,,,,,,,,,,,,,,,,,,,,,,,,,,,,,,,,,,,,,,,,,,
1,10,,Timeout,0,O,18,M,10,,,,,,,,,,,,,,,,140,4,,,,,,,,,,,,,,,,,,N,,,,,,,,,,,,,,,,,,,,,,,,,,,,,,,,,,,,,,,,,,,,,,,,,,,,,,,
1,10,Run,"Rush, TD",18,O,18,M,10,R,Wyoming brown,,R,,,,,,,,,,,,141,4,,,,,,,,,,,,,20,Aiden O'Neal,,,,Y,,,,,,,,,,,,,,,,,,,,,,,,,,,,,,,,,,,,,,,,,,,,,,,,,,,,,,,
,,2 Pt.,Penalty,,K,3,M,10,,,,,,,,,,,,,,,,142,4,,,,,,,,,,,,,,,,,,,,,,,,,,,,,,,,,,,,,,,,,,,,,,,,,,,,,,,,,,,,,,,,,,,,,,,,,
,,2 Pt.,Good,,K,1,M,10,R,Twins Split,,R,,,,,,,,,,,,143,4,,,,,,,,,,,,,,,,,,,,,,,,,,,,,,,,,,,,,,,,,,,,,,,,,,,,,,,,,,,,,,,,,,,,,,,,,
,,Onside Kick,Return,,K,-40,M,,,,,,,,,,,,,,,,,144,4,,,,,,,,,,,,,,,,,,,,,,,,,,,,,,,,,,,,,,,,,,,,,,,,,,,,,,,,,,,,,,,,,,,,,,,,,
1,10,Pass,Incomplete,0,D,-42,L,9,R,TEXAS BROWN,,R,,,,,,,,,,,,145,4,,,,L,,,,,,,,,,,,,,Y,,,,,,,,,,10,,,,,,,,,,,,,,,,,,,,,,,,,,,,,,,,,,,,,,,,,,,,,
2,10,Pass,Complete,11,D,-42,L,9,R,FLA. BLUE,,L,,,,,,,,,,,,146,4,,,,L,,,,,,,,,,,,,,N,,,,,,,,,,10,,,,,,,,,,,,,,,,,,,,,,,,,,,,,,,,,,,,,,,,,,,,,
1,10,Pass,Incomplete,0,D,47,L,9,R,TEXAS BROWN,,R,,,,,,,,,,,,147,4,,,,L,,,,,,,,,,,,,,Y,,,,,,,,,,10,,,,,,,,,,,,,,,,,,,,,,,,,,,,,,,,,,,,,,,,,,,,,
2,10,Pass,Complete,12,D,47,L,9,BAL,IOWA BLACK,,R,,,,,,,,,,,,148,4,,,,,,,,,,,,,,,,,,N,,,,,,,,,,10,,,,,,,,,,,,,,,,,,,,,,,,,,,,,,,,,,,,,,,,,,,,,
1,10,Pass,Complete,27,D,35,M,9,BAL,IOWA BLACK,,L,,,,,,,,,,,,149,4,,,,L,,,,,,,,,,,,,,N,,,,,,,,,,10,,,,,,,,,,,,,,,,,,,,,,,,,,,,,,,,,,,,,,,,,,,,,
1,8,Pass,"Complete, TD",8,D,8,L,9,R,FLA. BLUE,,R,,,,,,,,,,,,150,4,,,,,,,,,,,,,,,,,,N,,,,,,,,,,10,,,,,,,,,,,,,,,,,,,,,,,,,,,,,,,,,,,,,,,,,,,,,
,,Extra Pt. Block,Penalty,,K,3,M,9,,,,,,,,,,,,,,,,151,4,,,,,,,,,,,,,,,,,,,,,,,,,,,,,,,,,,,,,,,,,,,,,,,,,,,,,,,,,,,,,,,,,,,,,,,,,
,,Extra Pt. Block,No Good,,K,1,M,9,,,,,,,,,,,,,,,,152,4,,,,,,,,,,,,,,,,,,,,,,,,,,,,,,,,,,,,,,,,,,,,,,,,,,,,,,,,,,,,,,,,,,,,,,,,,
,,,,,S,,,,,,,,,,,,,,,,,,,153,4,,,,,,,,,,,,,,,,,,,,,,,,,,,,,,,,,,,,,,,,,,,,,,,,,,,,,,,,,,,,,,,,,,,,,,,,,
,,KO Rec,Out of Bounds,,K,-40,L,,R,TEXAS BROWN,,,,,,,,,,,,,,154,4,,,,,,,,,,,,,,,,,,,,,,,,,,,,,,,,,,,,,,,,,,,,,,,,,,,,,,,,,,,,,,,,,,,,,,,,,
1,10,Run,Rush,2,O,-35,R,11,BAL,IOWA BLACK STACK,,R,,,,,,,,,,,,155,4,,,,,,,,,,,,,8,Jayvyn Gilchrist,,,,N,,,,,,,,,,,,,,,,,,,,,,,,,,,,,,,,,,,,,,,,,,,,,,,,,,,,,,,
2,8,Run,Rush,0,O,-37,R,11,L,FLA. BLUE,,L,,,,,,,,,,,,156,4,,,,,,,,,,,,,8,Jayvyn Gilchrist,,,,N,,,,,,,,,,,,,,,,,,,,,,,,,,,,,,,,,,,,,,,,,,,,,,,,,,,,,,,
3,8,Pass,Complete,8,O,-37,L,11,BAL,IOWA BLACK,,R,,,,,,,,,,,,157,4,,,,,8,Jayvyn Gilchrist,,,,,,,,,,,,Y,,,,,,,,,,,,,,,,,,,,,,,,,,,,,,,,,,,,,,,,,,,,,,,,,,,,,,,
1,10,Pass,Complete,18,O,-45,R,11,BAL,IOWA BLACK,,R,,,,,,,,,,,,158,4,,,,,8,Jayvyn Gilchrist,,,,,,,,,,,,Y,,,,,,,,,,,,,,,,,,,,,,,,,,,,,,,,,,,,,,,,,,,,,,,,,,,,,,,
1,10,Pass,Incomplete,0,O,37,R,11,BAL,IOWA BLACK,,,,,,,,,,,,,,159,4,,,,,8,Jayvyn Gilchrist,,,,,,,,,,,,N,,,,,,,,,,,,,,,,,,,,,,,,,,,,,,,,,,,,,,,,,,,,,,,,,,,,,,,
2,10,Pass,Incomplete,0,O,37,R,11,BAL,IOWA BLACK,,R,,,,,,,,,,,,160,4,,,,,8,Jayvyn Gilchrist,,,,,,,,,,,,N,,,,,,,,,,,,,,,,,,,,,,,,,,,,,,,,,,,,,,,,,,,,,,,,,,,,,,,
3,10,Pass,Scramble,14,O,37,R,11,R,Wyoming brown,,R,,,,,,,,,,,,161,4,,,,,8,Jayvyn Gilchrist,,,,,,,,,,,,Y,,,,,,,,,,,,,,,,,,,,,,,,,,,,,,,,,,,,,,,,,,,,,,,,,,,,,,,
1,10,Pass,Incomplete,0,O,23,R,11,BAL,IOWA BLACK,,R,,,,,,,,,,,,162,4,,,,,8,Jayvyn Gilchrist,,,,,,,,,,,,N,,,,,,,,,,,,,,,,,,,,,,,,,,,,,,,,,,,,,,,,,,,,,,,,,,,,,,,
2,10,Pass,"Complete, TD",23,O,23,R,11,BAL,IOWA BLACK,61 H OVER,L,,,,,,,,,,,,163,4,,,,,8,Jayvyn Gilchrist,,,,,,,,,,,,Y,,,,,,,,,,,,,,,,,,,,,,,,,,,,,,,,,,,,,,,,,,,,,,,,,,,,,,,
,,Extra Pt.,Good,,K,3,M,11,,,,,,,,,,,,,,,,164,4,,,,,,,,,,,,,,,,,,,,,,,,,,,,,,,,,,,,,,,,,,,,,,,,,,,,,,,,,,,,,,,,,,,,,,,,,
,,Onside Kick,Return,,K,-40,M,,,,,,,,,,,,,,,,,165,4,,,,,,,,,,,,,,,,,,,,,,,,,,,,,,,,,,,,,,,,,,,,,,,,,,,,,,,,,,,,,,,,,,,,,,,,,
1,10,Pass,Interception,,D,-35,R,10,BAL,IOWA BLACK,,L,,,,,,,,,,,,166,4,,,,L,,,,,,,,,,,,,,Y,,,,,,,,,,10,,,,,,,,,,,,,,,,,,,,,,,,,,,,,,,,,,,,,,,,,,,,,